{"Parameters": {"num_spins": 3, "num_steps": 15, "num_trajectories": 30, "backend": "aer_simulator", "time_step": 0.5}, "Expectation values": {"step 0": [0.002278645833333333, -0.9999999999999999], "step 1": [-0.0007486979166666675, -0.5739420572916666], "step 2": [-0.002701822916666666, -0.3353841145833333], "step 3": [-0.0015136718750000003, -0.1948404947916667], "step 4": [0.0005696614583333333, -0.10818684895833335], "step 5": [0.0011067708333333333, -0.05646158854166668], "step 6": [-0.0016764322916666674, -0.03546549479166666], "step 7": [0.007617187500000001, -0.021126302083333333], "step 8": [0.0017415364583333334, -0.014339192708333335], "step 9": [0.0013183593749999997, -0.007731119791666666], "step 10": [-0.001611328125, 1.0842021724855044e-19], "step 11": [0.0040852864583333336, -0.0031901041666666675], "step 12": [-0.0004882812499999999, -0.0032552083333333335], "step 13": [-0.0007161458333333335, 0.0036946614583333324], "step 14": [0.0004231770833333337, 0.0012044270833333338], "step 15": [0.0006022135416666673, 0.00224609375]}}