{"Parameters": {"num_spins": 4, "num_steps": 15, "num_trajectories": 30, "backend": "aer_simulator", "time_step": 0.5}, "Expectation values": {"step 0": [-0.003271484374999999, -0.9999999999999999, -0.9999999999999999], "step 1": [0.0011881510416666668, -0.5765462239583332, -0.9999999999999999], "step 2": [0.0010253906249999998, -0.33138020833333326, -0.9999999999999999], "step 3": [-0.003450520833333333, -0.1891764322916667, -0.9999999999999999], "step 4": [0.0007975260416666665, -0.11066080729166668, -0.9999999999999999], "step 5": [0.001529947916666666, -0.06456705729166666, -0.9999999999999999], "step 6": [0.0007324218750000001, -0.03582356770833333, -0.9999999999999999], "step 7": [0.004117838541666666, -0.022216796875, -0.9999999999999999], "step 8": [0.005110677083333334, -0.012011718749999999, -0.9999999999999999], "step 9": [-0.005452473958333333, -0.004996744791666665, -0.9999999999999999], "step 10": [0.0021158854166666665, -0.002880859375, -0.9999999999999999], "step 11": [0.006591796875000002, -0.004003906249999999, -0.9999999999999999], "step 12": [-6.510416666666665e-05, -0.004833984375, -0.9999999999999999], "step 13": [0.002115885416666667, 0.00019531250000000017, -0.9999999999999999], "step 14": [-0.005240885416666667, 0.0038085937499999995, -0.9999999999999999], "step 15": [0.0018880208333333331, 0.0015787760416666667, -0.9999999999999999]}}