{"Parameters": {"num_spins": 5, "num_steps": 15, "num_trajectories": 30, "backend": "aer_simulator", "time_step": 0.5}, "Expectation values": {"step 0": [0.001416015625, -0.9999999999999999, -0.9999999999999999, -0.9999999999999999], "step 1": [-0.00042317708333333313, -0.5734212239583334, -0.9999999999999999, -0.9999999999999999], "step 2": [-0.0017740885416666667, -0.3309895833333332, -0.9999999999999999, -0.9999999999999999], "step 3": [0.00022786458333333323, -0.18702799479166674, -0.9999999999999999, -0.9999999999999999], "step 4": [-0.004215494791666666, -0.10992838541666665, -0.9999999999999999, -0.9999999999999999], "step 5": [-0.0030273437499999997, -0.06575520833333333, -0.9999999999999999, -0.9999999999999999], "step 6": [0.003824869791666667, -0.03821614583333335, -0.9999999999999999, -0.9999999999999999], "step 7": [-0.004801432291666665, -0.01897786458333333, -0.9999999999999999, -0.9999999999999999], "step 8": [-0.0017252604166666666, -0.01315104166666667, -0.9999999999999999, -0.9999999999999999], "step 9": [0.0031087239583333336, -0.011181640624999998, -0.9999999999999999, -0.9999999999999999], "step 10": [0.0007812499999999998, -0.0013834635416666665, -0.9999999999999999, -0.9999999999999999], "step 11": [0.0011555989583333333, -0.004720052083333332, -0.9999999999999999, -0.9999999999999999], "step 12": [-0.0050292968749999995, -0.003662109374999999, -0.9999999999999999, -0.9999999999999999], "step 13": [0.0039713541666666664, -0.0028971354166666668, -0.9999999999999999, -0.9999999999999999], "step 14": [-0.005061848958333333, -0.002815755208333333, -0.9999999999999999, -0.9999999999999999], "step 15": [0.002815755208333335, 0.0012532552083333328, -0.9999999999999999, -0.9999999999999999]}}