{"Parameters": {"num_spins": 6, "num_steps": 15, "num_trajectories": 30, "backend": "aer_simulator", "time_step": 0.5}, "Expectation values": {"step 0": [0.003564453124999999, -0.9999999999999999, -0.9999999999999999, -0.9999999999999999, -0.9999999999999999], "step 1": [-0.004264322916666666, -0.5735677083333331, -0.9999999999999999, -0.9999999999999999, -0.9999999999999999], "step 2": [-0.0019856770833333332, -0.33453776041666655, -0.9999999999999999, -0.9999999999999999, -0.9999999999999999], "step 3": [0.0008138020833333336, -0.190771484375, -0.9999999999999999, -0.9999999999999999, -0.9999999999999999], "step 4": [0.0014973958333333332, -0.10978190104166667, -0.9999999999999999, -0.9999999999999999, -0.9999999999999999], "step 5": [-0.003304036458333334, -0.06280924479166666, -0.9999999999999999, -0.9999999999999999, -0.9999999999999999], "step 6": [0.001334635416666667, -0.03932291666666667, -0.9999999999999999, -0.9999999999999999, -0.9999999999999999], "step 7": [-0.0013346354166666665, -0.020751953124999997, -0.9999999999999999, -0.9999999999999999, -0.9999999999999999], "step 8": [-0.004833984375000001, -0.013736979166666666, -0.9999999999999999, -0.9999999999999999, -0.9999999999999999], "step 9": [-0.000309244791666667, -0.008089192708333331, -0.9999999999999999, -0.9999999999999999, -0.9999999999999999], "step 10": [0.0009602864583333337, -0.0055175781249999995, -0.9999999999999999, -0.9999999999999999, -0.9999999999999999], "step 11": [-0.00034179687499999976, -0.0034667968750000003, -0.9999999999999999, -0.9999999999999999, -0.9999999999999999], "step 12": [0.002294921875, -0.00045572916666666646, -0.9999999999999999, -0.9999999999999999, -0.9999999999999999], "step 13": [-0.0015625, -0.0009114583333333338, -0.9999999999999999, -0.9999999999999999, -0.9999999999999999], "step 14": [0.0002766927083333335, -0.00011393229166666615, -0.9999999999999999, -0.9999999999999999, -0.9999999999999999], "step 15": [0.00019531250000000044, -0.0036458333333333334, -0.9999999999999999, -0.9999999999999999, -0.9999999999999999]}}