{"num_spins": 3, "num_steps": 15, "num_trajectories": 50, "backend": "aer_simulator", "time_step": 0.5, "Open chain": [-0.9997460937499999, -0.5755371093750002, -0.33463867187500007, -0.19235351562500003, -0.11257812499999996, -0.062275390624999996, -0.03412109375, -0.021787109375000006, -0.009736328124999999, -0.01095703125, -0.006552734374999998, 0.0015234374999999994, 0.004609375, -0.0006054687499999999, 0.00028320312500000003, -0.0019531249999999978], "Closed chain": [-1.0013671875, -0.34105468750000006, -0.12428710937499998, -0.032080078125, -0.0130078125, -0.00330078125, -0.00439453125, -0.003759765625000001, 0.002578125, 0.0014062499999999993, 0.004150390625, -0.0030761718750000016, 0.0030078125, -0.004404296874999999, -0.0021289062500000006, -0.0012207031250000004]}