{"Parameters": {"num_spins": 5, "num_steps": 15, "num_trajectories": 30, "backend": "aer_simulator", "time_step": 0.5}, "Expectation values": {"step 0": [0.0020345052083333335, -0.0005045572916666664, -0.9999999999999999, -0.9999999999999999, -0.9999999999999999, -0.9999999999999999, -0.0007161458333333332, 0.0040852864583333336], "step 1": [0.0062825520833333336, -0.00014648437499999915, -0.9999999999999999, -0.9999999999999999, -0.9999999999999999, -0.9999999999999999, -0.0034016927083333343, -0.0018880208333333331], "step 2": [-0.0005859374999999999, -0.001204427083333333, -0.9999999999999999, -0.9999999999999999, -0.9999999999999999, -0.9999999999999999, -6.510416666666633e-05, 0.0026041666666666665], "step 3": [-0.0002278645833333343, 0.0022135416666666666, -0.9999999999999999, -0.9999999999999999, -0.9999999999999999, -0.9999999999999999, 0.0015624999999999997, 0.001611328125], "step 4": [0.0016764322916666663, -0.0011393229166666667, -0.9999999999999999, -0.9999999999999999, -0.9999999999999999, -0.9999999999999999, -0.0030761718749999995, -0.002571614583333332], "step 5": [1.0842021724855044e-19, 0.005957031249999999, -0.9999999999999999, -0.9999999999999999, -0.9999999999999999, -0.9999999999999999, 0.0015625, 0.00107421875], "step 6": [0.00034179687500000036, -0.002685546875, -0.9999999999999999, -0.9999999999999999, -0.9999999999999999, -0.9999999999999999, 0.00040690104166666696, -0.0016601562500000004], "step 7": [0.002278645833333334, 0.005110677083333333, -0.9999999999999999, -0.9999999999999999, -0.9999999999999999, -0.9999999999999999, -0.003271484375, -0.00040690104166666663], "step 8": [-0.00039062500000000024, -0.000651041666666667, -0.9999999999999999, -0.9999999999999999, -0.9999999999999999, -0.9999999999999999, 0.003043619791666666, 0.000813802083333333], "step 9": [0.0009114583333333331, 0.004036458333333333, -0.9999999999999999, -0.9999999999999999, -0.9999999999999999, -0.9999999999999999, 0.0006835937500000003, -0.0005859374999999997], "step 10": [-0.0011393229166666665, -0.0019531250000000004, -0.9999999999999999, -0.9999999999999999, -0.9999999999999999, -0.9999999999999999, -0.0009440104166666665, -0.0006673177083333337], "step 11": [-0.0006835937499999993, -0.0003580729166666667, -0.9999999999999999, -0.9999999999999999, -0.9999999999999999, -0.9999999999999999, -0.0009440104166666655, -0.003108723958333333], "step 12": [0.007047526041666666, 0.0023111979166666676, -0.9999999999999999, -0.9999999999999999, -0.9999999999999999, -0.9999999999999999, 0.00026041666666666645, -0.003466796874999999], "step 13": [-9.765624999999917e-05, 0.0042968749999999995, -0.9999999999999999, -0.9999999999999999, -0.9999999999999999, -0.9999999999999999, 0.006982421874999999, -0.002132161458333333], "step 14": [-0.0017903645833333335, -0.001611328125, -0.9999999999999999, -0.9999999999999999, -0.9999999999999999, -0.9999999999999999, -0.005452473958333334, 0.0021647135416666668], "step 15": [0.001578776041666667, 0.0008463541666666668, -0.9999999999999999, -0.9999999999999999, -0.9999999999999999, -0.9999999999999999, 0.007584635416666667, 0.001627604166666667]}}