{"num_spins": 4, "num_steps": 15, "num_trajectories": 30, "backend": "aer_simulator", "time_step": 0.5, "Open chain": [-2.0003417968750004, -1.5766927083333335, -1.3354166666666665, -1.1907877604166666, -1.1120117187499998, -1.063720703125, -1.0434244791666667, -1.0157063802083333, -1.0217122395833333, -1.0015299479166668, -0.9972493489583333, -1.006624348958333, -0.9985677083333333, -1.00625, -0.9993164062500001, -0.9996907552083333], "Closed chain": [-1.9984049479166666, -1.1543131510416667, -0.6658691406249999, -0.3774251302083333, -0.22439778645833336, -0.134326171875, -0.07405598958333333, -0.050439453125000006, -0.016341145833333338, -0.022705078125000003, -0.009326171875000002, -0.010546875, 0.0002929687499999981, -0.006835937499999999, 0.005582682291666666, -0.0048990885416666675]}