{"num_spins": 5, "num_steps": 15, "num_trajectories": 30, "backend": "aer_simulator", "time_step": 0.5, "Open chain": [-3.0006673177083334, -2.5770833333333334, -2.328548177083333, -2.1904134114583336, -2.107584635416666, -2.0669921875000004, -2.0394531249999996, -2.022981770833333, -2.0074381510416672, -2.0050618489583334, -2.0062662760416665, -2.003238932291667, -1.9947916666666665, -1.99619140625, -1.9965820312500002, -2.0148274739583334], "Closed chain": [-3.007779947916666, -2.1484049479166667, -1.6563476562500004, -1.3867024739583331, -1.2270833333333333, -1.1221028645833333, -1.0628580729166668, -1.0405436197916667, -1.0287109375, -1.0125651041666666, -1.0122395833333333, -1.0011555989583332, -1.0045247395833332, -1.0056640625, -0.9976888020833334, -0.9957519531250001]}