{"num_spins": 7, "num_steps": 15, "num_trajectories": 30, "backend": "aer_simulator", "time_step": 0.5, "Open chain": [-5.005159505208333, -4.5760742187500005, -4.341682942708333, -4.186930338541667, -4.101432291666666, -4.0591796875, -4.039013671875, -4.018717447916666, -4.017333984375, -4.0125162760416675, -3.9962402343749996, -3.9941894531249997, -4.004606119791666, -4.007177734375, -4.0013671875, -3.986930338541667], "Closed chain": [-5.011051432291666, -4.147916666666666, -3.664973958333334, -3.3854003906249996, -3.2191243489583337, -3.1218587239583333, -3.0737792968749993, -3.0446126302083334, -3.0233886718750007, -3.0159830729166672, -3.0075683593749996, -3.0085611979166655, -3.0215332031249997, -3.0052734375, -3.00107421875, -2.997314453125001]}