{"num_spins": 8, "num_steps": 15, "num_trajectories": 30, "backend": "aer_simulator", "time_step": 0.5, "Open chain": [-5.997298177083332, -5.569807942708333, -5.331901041666667, -5.191520182291667, -5.1145996093749995, -5.0679687499999995, -5.035205078125001, -5.021354166666668, -5.004508463541668, -5.008561197916667, -4.995068359374999, -4.999137369791668, -4.996647135416667, -4.998763020833333, -5.001399739583334, -4.9974609375000005], "Closed chain": [-6.00234375, -5.156217447916666, -4.662825520833334, -4.389973958333335, -4.21953125, -4.1244140625, -4.066959635416667, -4.041585286458333, -4.0203287760416675, -4.018115234375, -4.011702473958334, -4.015315755208333, -4.0056640625, -4.003776041666666, -3.9989583333333343, -3.995377604166666]}