{"Parameters": {"num_spins": 3, "num_steps": 15, "num_trajectories": 30, "backend": "aer_simulator", "time_step": 0.25}, "Expectation values": {"step 0": [-0.002408854166666667, -0.9999999999999999], "step 1": [-0.0028157552083333337, -0.5725260416666667], "step 2": [-0.002213541666666666, -0.33294270833333334], "step 3": [0.002685546875, -0.19472656250000003], "step 4": [-0.00224609375, -0.11158854166666667], "step 5": [-0.003466796875, -0.06546223958333335], "step 6": [0.0023274739583333337, -0.034928385416666666], "step 7": [0.00040690104166666696, -0.023518880208333332], "step 8": [0.0013671875, -0.011555989583333334], "step 9": [-0.00224609375, -0.005013020833333333], "step 10": [-0.0027180989583333337, -0.0016601562499999995], "step 11": [0.004069010416666666, -0.0020507812499999997], "step 12": [-0.0017903645833333335, -0.0009602864583333334], "step 13": [-0.0038085937500000003, 0.0001302083333333332], "step 14": [-0.002766927083333333, 0.0012858072916666664], "step 15": [0.0030273437499999992, 0.005908203125]}}