{"Parameters": {"num_spins": 5, "num_steps": 15, "num_trajectories": 30, "backend": "aer_simulator", "time_step": 0.25}, "Expectation values": {"step 0": [0.0019368489583333332, -0.9999999999999999, -0.9999999999999999, -0.9999999999999999], "step 1": [-0.00045572916666666705, -0.5797526041666667, -0.9999999999999999, -0.9999999999999999], "step 2": [-0.0017252604166666666, -0.33421223958333335, -0.9999999999999999, -0.9999999999999999], "step 3": [-0.005859375000000001, -0.191162109375, -0.9999999999999999, -0.9999999999999999], "step 4": [0.0076171875, -0.11329752604166668, -0.9999999999999999, -0.9999999999999999], "step 5": [-0.0025390624999999997, -0.065625, -0.9999999999999999, -0.9999999999999999], "step 6": [-0.0014322916666666663, -0.04112955729166667, -0.9999999999999999, -0.9999999999999999], "step 7": [-0.002311197916666666, -0.019205729166666664, -0.9999999999999999, -0.9999999999999999], "step 8": [-0.007259114583333333, -0.013623046874999998, -0.9999999999999999, -0.9999999999999999], "step 9": [-0.004622395833333332, -0.007747395833333331, -0.9999999999999999, -0.9999999999999999], "step 10": [-0.0042154947916666664, -0.001936848958333332, -0.9999999999999999, -0.9999999999999999], "step 11": [0.002360026041666667, -0.004020182291666665, -0.9999999999999999, -0.9999999999999999], "step 12": [-0.0007649739583333332, 0.0009928385416666666, -0.9999999999999999, -0.9999999999999999], "step 13": [0.0029459635416666666, -0.0006347656250000001, -0.9999999999999999, -0.9999999999999999], "step 14": [-0.0023274739583333333, -0.0010742187500000005, -0.9999999999999999, -0.9999999999999999], "step 15": [-0.004964192708333332, -0.002718098958333334, -0.9999999999999999, -0.9999999999999999]}}