{"Parameters": {"num_spins": 3, "num_steps": 15, "num_trajectories": 30, "backend": "aer_simulator", "time_step": 0.5}, "Expectation values": {"step 0": [0.0005859374999999997, -0.9999999999999999], "step 1": [0.0004557291666666668, -0.0012532552083333332], "step 2": [0.004329427083333335, -0.003043619791666667], "step 3": [-0.0001139322916666667, 0.0019531249999999998], "step 4": [0.0010091145833333334, 1.6276041666666622e-05], "step 5": [-0.0027994791666666676, -0.003450520833333333], "step 6": [-0.002506510416666667, -0.0036783854166666666], "step 7": [0.002457682291666666, -0.0018391927083333337], "step 8": [0.0036132812499999997, -0.002148437500000001], "step 9": [-0.0023274739583333333, 0.001253255208333333], "step 10": [0.0017415364583333332, -3.2552083333333326e-05], "step 11": [-0.0036295572916666663, -0.0021321614583333336], "step 12": [0.004410807291666667, 0.001774088541666666], "step 13": [0.00166015625, 0.0019205729166666666], "step 14": [-0.0021321614583333327, -0.0024088541666666676], "step 15": [0.0018880208333333333, -0.0048177083333333336]}}