{"Parameters": {"num_spins": 4, "num_steps": 15, "num_trajectories": 30, "backend": "aer_simulator", "time_step": 0.5}, "Expectation values": {"step 0": [0.0024576822916666675, -0.9999999999999999, -0.9999999999999999], "step 1": [0.0002604166666666666, -0.5791178385416667, -0.003824869791666666], "step 2": [0.0019042968750000002, -0.3335611979166667, -0.0006022135416666666], "step 3": [0.005224609375, -0.190966796875, 0.0032552083333333335], "step 4": [0.005354817708333333, -0.11033528645833335, -0.007796223958333334], "step 5": [-0.0014160156249999997, -0.05766601562500001, -0.0005045572916666668], "step 6": [0.003922526041666666, -0.040055338541666666, 0.0001302083333333331], "step 7": [0.0001953125, -0.023014322916666666, -0.0018066406249999994], "step 8": [-0.004459635416666667, -0.006575520833333333, 0.0012044270833333334], "step 9": [-0.004427083333333334, -0.005273437500000002, 0.0016927083333333332], "step 10": [0.0002604166666666665, -0.005322265625, 0.005696614583333333], "step 11": [-0.006347656249999998, -0.0020996093750000003, -0.00030924479166666687], "step 12": [0.0029134114583333334, -0.0033691406249999993, -0.0003743489583333332], "step 13": [0.002327473958333333, 0.0019368489583333336, 0.0015787760416666663], "step 14": [-0.006608072916666667, 0.0010416666666666667, -0.0030273437500000005], "step 15": [0.00126953125, -0.005582682291666664, 0.0004394531250000006]}}