{"Parameters": {"num_spins": 5, "num_steps": 15, "num_trajectories": 30, "backend": "aer_simulator", "time_step": 0.5}, "Expectation values": {"step 0": [0.0031575520833333334, -0.9999999999999999, -0.9999999999999999, -0.9999999999999999], "step 1": [0.004638671875, -0.5765462239583333, -0.9999999999999999, -1.0842021724855044e-19], "step 2": [-0.008414713541666667, -0.33339843750000003, -0.9999999999999999, -0.0034342447916666666], "step 3": [0.0005371093750000003, -0.19143880208333336, -0.9999999999999999, 0.003727213541666666], "step 4": [0.001969401041666667, -0.11100260416666669, -0.9999999999999999, -0.003450520833333335], "step 5": [0.0027506510416666664, -0.06118164062499999, -0.9999999999999999, -0.004768880208333333], "step 6": [-0.001904296875, -0.032486979166666666, -0.9999999999999999, -0.002587890625], "step 7": [-0.0010579427083333328, -0.021679687499999996, -0.9999999999999999, -0.0035644531249999986], "step 8": [0.0034667968750000007, -0.009440104166666668, -0.9999999999999999, 8.138020833333342e-05], "step 9": [0.007877604166666668, -0.002604166666666666, -0.9999999999999999, -0.0010904947916666667], "step 10": [0.001936848958333334, -0.004182942708333333, -0.9999999999999999, 4.336808689942018e-19], "step 11": [-0.0033203124999999995, -0.0013671875, -0.9999999999999999, -0.0003743489583333329], "step 12": [-0.0022786458333333335, 1.6276041666666392e-05, -0.9999999999999999, 0.0016113281249999995], "step 13": [0.004264322916666665, 3.255208333333338e-05, -0.9999999999999999, 0.005680338541666666], "step 14": [0.0014811197916666675, 0.0019205729166666672, -0.9999999999999999, 0.0014811197916666666], "step 15": [0.0019205729166666666, 0.0009602864583333333, -0.9999999999999999, 0.0019368489583333332]}}