{"Parameters": {"num_spins": 6, "num_steps": 15, "num_trajectories": 30, "backend": "aer_simulator", "time_step": 0.5}, "Expectation values": {"step 0": [0.002604166666666667, -0.9999999999999999, -0.9999999999999999, -0.9999999999999999, -0.9999999999999999], "step 1": [0.001383463541666667, -0.5741210937499999, -0.9999999999999999, -0.9999999999999999, 1.62760416666665e-05], "step 2": [-0.0027180989583333332, -0.3310709635416666, -0.9999999999999999, -0.9999999999999999, 0.0004720052083333335], "step 3": [0.005322265625000002, -0.18601888020833332, -0.9999999999999999, -0.9999999999999999, 0.002441406249999999], "step 4": [-0.0021972656250000004, -0.111572265625, -0.9999999999999999, -0.9999999999999999, 0.0013346354166666667], "step 5": [-0.0038574218750000006, -0.06116536458333335, -0.9999999999999999, -0.9999999999999999, 0.0011555989583333336], "step 6": [-0.0011718750000000004, -0.032861328125, -0.9999999999999999, -0.9999999999999999, -0.003987630208333333], "step 7": [0.0017740885416666664, -0.020393880208333336, -0.9999999999999999, -0.9999999999999999, 0.003401692708333333], "step 8": [-0.0016927083333333338, -0.01298828125, -0.9999999999999999, -0.9999999999999999, -0.0016601562500000002], "step 9": [-0.0035807291666666674, -0.012239583333333331, -0.9999999999999999, -0.9999999999999999, 6.510416666666644e-05], "step 10": [-0.002669270833333333, -0.0007812500000000005, -0.9999999999999999, -0.9999999999999999, -0.0016276041666666665], "step 11": [0.0007324218749999998, 0.0009277343750000001, -0.9999999999999999, -0.9999999999999999, -0.0030598958333333333], "step 12": [-0.0035644531250000008, -0.004817708333333335, -0.9999999999999999, -0.9999999999999999, 0.000439453125], "step 13": [-0.001513671875, 0.00048828125, -0.9999999999999999, -0.9999999999999999, -0.005175781249999999], "step 14": [-0.0022623697916666673, 0.0003743489583333335, -0.9999999999999999, -0.9999999999999999, 0.0002766927083333332], "step 15": [0.004443359375, -0.005517578125, -0.9999999999999999, -0.9999999999999999, 0.0056803385416666664]}}