{"Parameters": {"num_spins": 7, "num_steps": 15, "num_trajectories": 30, "backend": "aer_simulator", "time_step": 0.5}, "Expectation values": {"step 0": [0.0017578125000000003, -0.9999999999999999, -0.9999999999999999, -0.9999999999999999, -0.9999999999999999, -0.9999999999999999], "step 1": [-0.002962239583333334, -0.5731770833333333, -0.9999999999999999, -0.9999999999999999, -0.9999999999999999, 0.002115885416666667], "step 2": [0.0020996093750000003, -0.3356119791666666, -0.9999999999999999, -0.9999999999999999, -0.9999999999999999, 0.0011067708333333335], "step 3": [-0.0019694010416666666, -0.19361979166666668, -0.9999999999999999, -0.9999999999999999, -0.9999999999999999, 0.0011393229166666667], "step 4": [0.00029296874999999993, -0.116357421875, -0.9999999999999999, -0.9999999999999999, -0.9999999999999999, -0.0010253906249999994], "step 5": [6.510416666666633e-05, -0.06388346354166664, -0.9999999999999999, -0.9999999999999999, -0.9999999999999999, 0.0007324218749999995], "step 6": [0.0005859375000000003, -0.038769531249999996, -0.9999999999999999, -0.9999999999999999, -0.9999999999999999, -0.007845052083333335], "step 7": [0.002945963541666667, -0.021940104166666665, -0.9999999999999999, -0.9999999999999999, -0.9999999999999999, -0.004003906249999999], "step 8": [-0.0021484375, -0.010074869791666666, -0.9999999999999999, -0.9999999999999999, -0.9999999999999999, 0.0031901041666666657], "step 9": [-0.0020345052083333335, -0.007405598958333333, -0.9999999999999999, -0.9999999999999999, -0.9999999999999999, 0.00029296874999999993], "step 10": [-0.0050130208333333355, -0.0060872395833333325, -0.9999999999999999, -0.9999999999999999, -0.9999999999999999, -0.0018066406249999997], "step 11": [-0.002180989583333333, -0.005143229166666666, -0.9999999999999999, -0.9999999999999999, -0.9999999999999999, 0.003955078125], "step 12": [0.0017578124999999996, -0.004345703125, -0.9999999999999999, -0.9999999999999999, -0.9999999999999999, -0.00040690104166666674], "step 13": [0.0021484374999999993, -0.0014811197916666664, -0.9999999999999999, -0.9999999999999999, -0.9999999999999999, 0.0033203125000000003], "step 14": [-0.0006998697916666669, -0.0014648437500000002, -0.9999999999999999, -0.9999999999999999, -0.9999999999999999, -0.0031087239583333336], "step 15": [-0.0006673177083333331, 0.002376302083333333, -0.9999999999999999, -0.9999999999999999, -0.9999999999999999, -0.0013509114583333342]}}