{"Parameters": {"num_spins": 5, "num_steps": 15, "num_trajectories": 30, "backend": "aer_simulator", "time_step": 0.25}, "Expectation values": {"step 0": [-0.004150390625000002, -0.016878255208333335, -0.9999999999999999, -0.9999999999999999], "step 1": [-0.0019042968750000004, -0.01648763020833333, -0.9999999999999999, -0.9999999999999999], "step 2": [-0.0015299479166666667, -0.022460937500000003, -0.9999999999999999, -0.9999999999999999], "step 3": [-0.0025878906249999995, -0.018733723958333337, -0.9999999999999999, -0.9999999999999999], "step 4": [-5.421010862427522e-20, -0.017122395833333335, -0.9999999999999999, -0.9999999999999999], "step 5": [-0.0054687500000000005, -0.019807942708333328, -0.9999999999999999, -0.9999999999999999], "step 6": [-0.0036295572916666668, -0.016276041666666668, -0.9999999999999999, -0.9999999999999999], "step 7": [-0.005338541666666667, -0.021289062499999997, -0.9999999999999999, -0.9999999999999999], "step 8": [-0.006787109375, -0.012337239583333331, -0.9999999999999999, -0.9999999999999999], "step 9": [-0.004264322916666667, -0.01892903645833333, -0.9999999999999999, -0.9999999999999999], "step 10": [-0.003548177083333334, -0.017513020833333334, -0.9999999999999999, -0.9999999999999999], "step 11": [-0.003011067708333333, -0.012499999999999997, -0.9999999999999999, -0.9999999999999999], "step 12": [-0.0039225260416666675, -0.014811197916666664, -0.9999999999999999, -0.9999999999999999], "step 13": [0.003352864583333334, -0.01630859375, -0.9999999999999999, -0.9999999999999999], "step 14": [-0.0038411458333333336, -0.021728515624999997, -0.9999999999999999, -0.9999999999999999], "step 15": [-0.006852213541666666, -0.013509114583333334, -0.9999999999999999, -0.9999999999999999]}}