{"Parameters": {"num_spins": 6, "num_steps": 15, "num_trajectories": 30, "backend": "aer_simulator", "time_step": 0.25}, "Expectation values": {"step 0": [-0.0002278645833333333, -0.019140624999999998, -0.9999999999999999, -0.9999999999999999, -0.9999999999999999], "step 1": [3.7947076036992655e-19, -0.017919921874999994, -0.9999999999999999, -0.9999999999999999, -0.9999999999999999], "step 2": [-0.002848307291666666, -0.014664713541666666, -0.9999999999999999, -0.9999999999999999, -0.9999999999999999], "step 3": [0.001627604166666667, -0.015836588541666665, -0.9999999999999999, -0.9999999999999999, -0.9999999999999999], "step 4": [-0.002392578125, -0.016520182291666664, -0.9999999999999999, -0.9999999999999999, -0.9999999999999999], "step 5": [1.6276041666666717e-05, -0.016861979166666666, -0.9999999999999999, -0.9999999999999999, -0.9999999999999999], "step 6": [-0.002978515625, -0.02584635416666667, -0.9999999999999999, -0.9999999999999999, -0.9999999999999999], "step 7": [-0.0004394531250000007, -0.019010416666666665, -0.9999999999999999, -0.9999999999999999, -0.9999999999999999], "step 8": [-0.0016276041666666672, -0.019222005208333337, -0.9999999999999999, -0.9999999999999999, -0.9999999999999999], "step 9": [-8.138020833333315e-05, -0.02054036458333333, -0.9999999999999999, -0.9999999999999999, -0.9999999999999999], "step 10": [-0.0008463541666666664, -0.020003255208333327, -0.9999999999999999, -0.9999999999999999, -0.9999999999999999], "step 11": [-0.010074869791666668, -0.02174479166666667, -0.9999999999999999, -0.9999999999999999, -0.9999999999999999], "step 12": [-0.0015136718749999994, -0.021809895833333325, -0.9999999999999999, -0.9999999999999999, -0.9999999999999999], "step 13": [-0.002457682291666667, -0.014322916666666664, -0.9999999999999999, -0.9999999999999999, -0.9999999999999999], "step 14": [-0.003417968749999999, -0.021647135416666668, -0.9999999999999999, -0.9999999999999999, -0.9999999999999999], "step 15": [-0.002164713541666667, -0.017936197916666664, -0.9999999999999999, -0.9999999999999999, -0.9999999999999999]}}