{"Parameters": {"num_spins": 3, "num_steps": 15, "num_trajectories": 30, "backend": "aer_simulator", "time_step": 0.5}, "Expectation values": {"step 0": [-0.002327473958333333, 0.0004557291666666658, -0.9999999999999999, -0.9999999999999999, 6.51041666666673e-05, 0.006705729166666668], "step 1": [0.0035481770833333337, -0.000830078125, -0.9999999999999999, -0.9999999999999999, 0.0031412760416666668, 0.0010091145833333334], "step 2": [-0.004931640625, -0.003955078125000001, -0.9999999999999999, -0.9999999999999999, 0.00016276041666666682, -0.0010091145833333334], "step 3": [0.004410807291666667, 0.0025716145833333337, -0.9999999999999999, -0.9999999999999999, -0.001708984375, 0.00322265625], "step 4": [0.0011718749999999997, 0.005517578124999999, -0.9999999999999999, -0.9999999999999999, -0.0003092447916666663, -0.0023925781249999993], "step 5": [-0.0050781249999999984, -0.0035807291666666665, -0.9999999999999999, -0.9999999999999999, 0.00146484375, 0.004866536458333333], "step 6": [0.006673177083333334, 6.510416666666634e-05, -0.9999999999999999, -0.9999999999999999, -0.00400390625, 0.0009602864583333332], "step 7": [-0.004573567708333333, -0.0046223958333333325, -0.9999999999999999, -0.9999999999999999, 0.0052734375, 0.005712890625000001], "step 8": [0.002132161458333333, 0.0011230468750000003, -0.9999999999999999, -0.9999999999999999, -0.0032714843750000005, -0.0027343749999999994], "step 9": [-0.0028320312500000003, 0.003987630208333333, -0.9999999999999999, -0.9999999999999999, 0.004687499999999998, 0.001839192708333333], "step 10": [0.002132161458333333, -0.001806640625, -0.9999999999999999, -0.9999999999999999, 0.0002278645833333329, 0.0024576822916666666], "step 11": [0.0010742187500000003, 0.002604166666666667, -0.9999999999999999, -0.9999999999999999, 1.6276041666666907e-05, 0.002571614583333334], "step 12": [-0.0014160156249999997, -0.001611328124999999, -0.9999999999999999, -0.9999999999999999, 0.0032063802083333345, -0.0016764322916666661], "step 13": [-0.0017578125, -0.003906250000000001, -0.9999999999999999, -0.9999999999999999, -0.0030924479166666657, -0.0026367187499999993], "step 14": [-0.00014648437500000035, 0.0012207031249999998, -0.9999999999999999, -0.9999999999999999, -0.0024739583333333332, -0.0034342447916666666], "step 15": [0.0013671874999999995, -0.0011881510416666666, -0.9999999999999999, -0.9999999999999999, -0.0013020833333333335, -0.0010742187499999992]}}