{"Parameters": {"num_spins": 4, "num_steps": 15, "num_trajectories": 30, "backend": "aer_simulator", "time_step": 0.5}, "Expectation values": {"step 0": [-0.0017415364583333339, 0.004215494791666665, -0.9999999999999999, -0.9999999999999999, -0.9999999999999999, -0.001481119791666667, 0.005029296875], "step 1": [-0.0017252604166666662, -0.002132161458333334, -0.9999999999999999, -0.9999999999999999, -0.9999999999999999, 0.0006998697916666665, 1.627604166666699e-05], "step 2": [-1.6276041666666365e-05, 0.0016927083333333332, -0.9999999999999999, -0.9999999999999999, -0.9999999999999999, 0.001253255208333333, -0.0011718750000000002], "step 3": [-0.0018066406249999994, -0.0009114583333333335, -0.9999999999999999, -0.9999999999999999, -0.9999999999999999, 0.002994791666666667, 0.002278645833333333], "step 4": [-0.0005533854166666667, 0.0005859375000000003, -0.9999999999999999, -0.9999999999999999, -0.9999999999999999, 0.0024088541666666668, -0.0004231770833333329], "step 5": [-0.00042317708333333335, 0.003759765624999999, -0.9999999999999999, -0.9999999999999999, -0.9999999999999999, 0.002685546874999999, 0.0020507812499999997], "step 6": [0.00032552083333333337, 0.0013183593749999988, -0.9999999999999999, -0.9999999999999999, -0.9999999999999999, 0.006331380208333332, 0.0033203125], "step 7": [-0.004931640624999999, -0.002001953125, -0.9999999999999999, -0.9999999999999999, -0.9999999999999999, 0.0008626302083333333, 0.0051757812500000016], "step 8": [-0.0004394531250000005, 0.0034505208333333332, -0.9999999999999999, -0.9999999999999999, -0.9999999999999999, 0.0016438802083333342, 0.0028320312500000008], "step 9": [0.0011230468750000001, 0.0008626302083333335, -0.9999999999999999, -0.9999999999999999, -0.9999999999999999, 0.002506510416666667, -0.00022786458333333334], "step 10": [-0.006168619791666668, -0.0027994791666666667, -0.9999999999999999, -0.9999999999999999, -0.9999999999999999, -0.002457682291666667, -0.003125], "step 11": [-0.001057942708333333, -0.002083333333333333, -0.9999999999999999, -0.9999999999999999, -0.9999999999999999, -0.001334635416666667, -0.000651041666666667], "step 12": [1.6276041666666284e-05, 0.002278645833333334, -0.9999999999999999, -0.9999999999999999, -0.9999999999999999, -0.00043945312499999974, 0.0004882812500000002], "step 13": [-0.0038736979166666663, -0.0005208333333333334, -0.9999999999999999, -0.9999999999999999, -0.9999999999999999, -0.00030924479166666763, 0.002278645833333333], "step 14": [0.0004720052083333332, 0.0023600260416666665, -0.9999999999999999, -0.9999999999999999, -0.9999999999999999, 0.00032552083333333326, -0.0006510416666666667], "step 15": [-0.000911458333333333, -0.001969401041666666, -0.9999999999999999, -0.9999999999999999, -0.9999999999999999, -0.0037109375, -0.0045735677083333336]}}