{"Parameters": {"num_spins": 5, "num_steps": 15, "num_trajectories": 30, "backend": "aer_simulator", "time_step": 0.5}, "Expectation values": {"step 0": [0.0019205729166666663, 0.002262369791666667, -0.9999999999999999, -0.9999999999999999, -0.9999999999999999, -0.9999999999999999, -0.008414713541666665, -0.0009114583333333333], "step 1": [-0.003987630208333333, -0.002864583333333333, -0.9999999999999999, -0.9999999999999999, -0.9999999999999999, -0.9999999999999999, -0.0007649739583333325, 0.004264322916666667], "step 2": [0.00016276041666666636, -0.002246093750000001, -0.9999999999999999, -0.9999999999999999, -0.9999999999999999, -0.9999999999999999, -0.0027018229166666666, -0.0001139322916666668], "step 3": [0.00078125, 0.002506510416666666, -0.9999999999999999, -0.9999999999999999, -0.9999999999999999, -0.9999999999999999, 0.0021158854166666665, 0.0006184895833333336], "step 4": [0.0009440104166666669, -0.001171875, -0.9999999999999999, -0.9999999999999999, -0.9999999999999999, -0.9999999999999999, -0.0025227864583333335, -0.006054687500000002], "step 5": [0.0019042968750000002, 0.0012207031250000002, -0.9999999999999999, -0.9999999999999999, -0.9999999999999999, -0.9999999999999999, -0.0008951822916666665, -0.0008138020833333336], "step 6": [-0.001953125000000001, -0.00263671875, -0.9999999999999999, -0.9999999999999999, -0.9999999999999999, -0.9999999999999999, -0.0015787760416666663, -0.00011393229166666659], "step 7": [-4.882812500000045e-05, -0.00019531249999999985, -0.9999999999999999, -0.9999999999999999, -0.9999999999999999, -0.9999999999999999, -0.0024902343750000003, -0.0053385416666666685], "step 8": [-0.004915364583333334, -0.0026204427083333327, -0.9999999999999999, -0.9999999999999999, -0.9999999999999999, -0.9999999999999999, -0.0013671875000000001, -0.0031412760416666663], "step 9": [-0.003092447916666666, -0.0013509114583333335, -0.9999999999999999, -0.9999999999999999, -0.9999999999999999, -0.9999999999999999, 0.0020833333333333337, -0.003043619791666668], "step 10": [-0.0018229166666666665, 0.001969401041666667, -0.9999999999999999, -0.9999999999999999, -0.9999999999999999, -0.9999999999999999, 0.0008463541666666662, -0.0015787760416666658], "step 11": [0.0003743489583333334, 0.004720052083333333, -0.9999999999999999, -0.9999999999999999, -0.9999999999999999, -0.9999999999999999, 0.002587890625, 0.0029947916666666656], "step 12": [8.138020833333272e-05, -0.0017252604166666668, -0.9999999999999999, -0.9999999999999999, -0.9999999999999999, -0.9999999999999999, -0.004947916666666668, -0.0037760416666666676], "step 13": [0.001888020833333333, 0.00013020833333333287, -0.9999999999999999, -0.9999999999999999, -0.9999999999999999, -0.9999999999999999, 0.000537109375, 0.0015787760416666673], "step 14": [0.008382161458333334, 0.005013020833333333, -0.9999999999999999, -0.9999999999999999, -0.9999999999999999, -0.9999999999999999, -0.004182942708333333, -0.0026529947916666668], "step 15": [0.003466796875, -0.0014648437499999991, -0.9999999999999999, -0.9999999999999999, -0.9999999999999999, -0.9999999999999999, 0.001302083333333333, -0.0003906249999999999]}}