{"Parameters": {"num_spins": 4, "num_steps": 15, "num_trajectories": 30, "backend": "aer_simulator", "time_step": 0.25}, "Expectation values": {"step 0": [0.00146484375, -0.9999999999999999, -0.9999999999999999], "step 1": [0.0006184895833333335, -0.5789876302083334, -0.9999999999999999], "step 2": [0.0018391927083333333, -0.33056640625, -0.9999999999999999], "step 3": [-0.0017578124999999998, -0.19305013020833334, -0.9999999999999999], "step 4": [-0.003499348958333334, -0.10699869791666665, -0.9999999999999999], "step 5": [0.0025553385416666663, -0.06092122395833332, -0.9999999999999999], "step 6": [-0.0041666666666666675, -0.04104817708333334, -0.9999999999999999], "step 7": [-0.0003580729166666667, -0.024088541666666668, -0.9999999999999999], "step 8": [0.0011555989583333327, -0.01282552083333333, -0.9999999999999999], "step 9": [-0.0005371093749999998, -0.002913411458333334, -0.9999999999999999], "step 10": [0.002750651041666666, -0.005045572916666666, -0.9999999999999999], "step 11": [-0.0025390625000000014, -0.0017252604166666666, -0.9999999999999999], "step 12": [-0.001057942708333333, -0.0007324218750000001, -0.9999999999999999], "step 13": [-0.005273437500000001, -0.0014322916666666668, -0.9999999999999999], "step 14": [-0.002311197916666666, -8.138020833333359e-05, -0.9999999999999999], "step 15": [0.0014811197916666666, -0.005729166666666668, -0.9999999999999999]}}