{"Parameters": {"num_spins": 6, "num_steps": 15, "num_trajectories": 30, "backend": "aer_simulator", "time_step": 0.25}, "Expectation values": {"step 0": [-0.00205078125, -0.9999999999999999, -0.9999999999999999, -0.9999999999999999, -0.9999999999999999], "step 1": [-0.0017578125000000003, -0.5708821614583334, -0.9999999999999999, -0.9999999999999999, -0.9999999999999999], "step 2": [-0.0006998697916666665, -0.33369140624999993, -0.9999999999999999, -0.9999999999999999, -0.9999999999999999], "step 3": [-0.0019694010416666675, -0.19685872395833334, -0.9999999999999999, -0.9999999999999999, -0.9999999999999999], "step 4": [-0.0010416666666666667, -0.1122233072916667, -0.9999999999999999, -0.9999999999999999, -0.9999999999999999], "step 5": [0.0021484374999999997, -0.06487630208333331, -0.9999999999999999, -0.9999999999999999, -0.9999999999999999], "step 6": [0.002734375, -0.03997395833333333, -0.9999999999999999, -0.9999999999999999, -0.9999999999999999], "step 7": [-0.0025390624999999997, -0.0236328125, -0.9999999999999999, -0.9999999999999999, -0.9999999999999999], "step 8": [0.0013997395833333333, -0.013362630208333334, -0.9999999999999999, -0.9999999999999999, -0.9999999999999999], "step 9": [0.0014485677083333338, -0.006477864583333333, -0.9999999999999999, -0.9999999999999999, -0.9999999999999999], "step 10": [0.0031249999999999997, -0.0015787760416666673, -0.9999999999999999, -0.9999999999999999, -0.9999999999999999], "step 11": [-0.008056640625, -0.0014160156249999997, -0.9999999999999999, -0.9999999999999999, -0.9999999999999999], "step 12": [0.005696614583333333, -0.0004069010416666665, -0.9999999999999999, -0.9999999999999999, -0.9999999999999999], "step 13": [-0.0001302083333333333, -0.0027018229166666675, -0.9999999999999999, -0.9999999999999999, -0.9999999999999999], "step 14": [0.0039062499999999996, -0.00546875, -0.9999999999999999, -0.9999999999999999, -0.9999999999999999], "step 15": [0.0005533854166666668, 0.00016276041666666674, -0.9999999999999999, -0.9999999999999999, -0.9999999999999999]}}