{"Parameters": {"num_spins": 7, "num_steps": 15, "num_trajectories": 30, "backend": "aer_simulator", "time_step": 0.25}, "Expectation values": {"step 0": [-0.0017415364583333339, -0.9999999999999999, -0.9999999999999999, -0.9999999999999999, -0.9999999999999999, -0.9999999999999999], "step 1": [-0.0015136718750000011, -0.5798828125, -0.9999999999999999, -0.9999999999999999, -0.9999999999999999, -0.9999999999999999], "step 2": [-0.00021158854166666635, -0.3331380208333333, -0.9999999999999999, -0.9999999999999999, -0.9999999999999999, -0.9999999999999999], "step 3": [0.0035156249999999992, -0.19052734375, -0.9999999999999999, -0.9999999999999999, -0.9999999999999999, -0.9999999999999999], "step 4": [-0.0018391927083333333, -0.11472981770833332, -0.9999999999999999, -0.9999999999999999, -0.9999999999999999, -0.9999999999999999], "step 5": [0.0016764322916666666, -0.06407877604166667, -0.9999999999999999, -0.9999999999999999, -0.9999999999999999, -0.9999999999999999], "step 6": [0.0022298177083333337, -0.037825520833333334, -0.9999999999999999, -0.9999999999999999, -0.9999999999999999, -0.9999999999999999], "step 7": [-0.0029459635416666675, -0.023486328125, -0.9999999999999999, -0.9999999999999999, -0.9999999999999999, -0.9999999999999999], "step 8": [-0.0007649739583333337, -0.011897786458333332, -0.9999999999999999, -0.9999999999999999, -0.9999999999999999, -0.9999999999999999], "step 9": [0.0009765624999999996, -0.00831705729166667, -0.9999999999999999, -0.9999999999999999, -0.9999999999999999, -0.9999999999999999], "step 10": [0.0017089843749999998, -0.0043782552083333325, -0.9999999999999999, -0.9999999999999999, -0.9999999999999999, -0.9999999999999999], "step 11": [-0.00419921875, -0.003808593750000001, -0.9999999999999999, -0.9999999999999999, -0.9999999999999999, -0.9999999999999999], "step 12": [0.0016601562499999997, -0.0020507812500000005, -0.9999999999999999, -0.9999999999999999, -0.9999999999999999, -0.9999999999999999], "step 13": [0.004703776041666666, -0.006705729166666667, -0.9999999999999999, -0.9999999999999999, -0.9999999999999999, -0.9999999999999999], "step 14": [0.003238932291666666, 0.0013997395833333336, -0.9999999999999999, -0.9999999999999999, -0.9999999999999999, -0.9999999999999999], "step 15": [-0.003125, -0.0020019531250000007, -0.9999999999999999, -0.9999999999999999, -0.9999999999999999, -0.9999999999999999]}}