{"num_spins": 4, "num_steps": 15, "num_trajectories": 50, "backend": "aer_simulator", "time_step": 0.5, "Open chain": [-1.9960839843750005, -1.5701171875, -1.3311132812500002, -1.1908789062500003, -1.1142382812499998, -1.0590917968749998, -1.0425292968750002, -1.0194921874999998, -1.0054199218749997, -1.00791015625, -1.0050097656249994, -0.9934277343750001, -1.00634765625, -1.003935546875, -1.0024609375, -0.9934570312500001], "Closed chain": [-1.9963476562500002, -1.152919921875, -0.6632519531250001, -0.3824511718750001, -0.217177734375, -0.13271484375, -0.073994140625, -0.042031250000000006, -0.029130859375, -0.010439453125000001, -0.013085937499999999, -0.005019531249999999, 0.001855468749999999, 0.003593750000000002, -0.0008496093750000008, 0.0012792968749999996]}