{"num_spins": 5, "num_steps": 15, "num_trajectories": 50, "backend": "aer_simulator", "time_step": 0.5, "Open chain": [-3.0009960937500004, -2.571044921875, -2.3338964843750003, -2.1964941406249996, -2.11240234375, -2.06681640625, -2.0406640625000003, -2.0237890624999997, -2.0066796875, -2.00228515625, -2.00333984375, -1.9995410156250002, -1.9904199218749994, -2.0008105468750004, -2.0054882812500003, -1.9929492187499998], "Closed chain": [-3.005791015625, -2.152978515625, -1.6619921874999994, -1.3825292968750003, -1.213251953125, -1.1262109375, -1.0627441406250002, -1.0480761718749998, -1.014150390625, -1.01072265625, -1.0073828125000002, -0.9949902343750001, -1.000322265625, -1.0016503906249998, -0.9974609374999999, -1.0053613281250002]}