{"num_spins": 6, "num_steps": 15, "num_trajectories": 50, "backend": "aer_simulator", "time_step": 0.5, "Open chain": [-3.998330078125, -3.571220703125, -3.3302050781249997, -3.1867968750000006, -3.1059179687499996, -3.0625878906249993, -3.039228515625, -3.0175683593750002, -3.0067578124999996, -3.012304687500001, -3.0067187499999997, -3.0024707031249998, -3.0030078125000004, -2.9919433593750004, -3.0041015624999994, -3.0015136718749993], "Closed chain": [-3.9992675781249996, -3.150693359374999, -2.6703710937500005, -2.379208984374999, -2.2173535156249993, -2.11732421875, -2.0643066406249995, -2.0371777343750006, -2.0235644531249997, -2.008603515625, -2.0037597656249995, -2.0054101562499995, -2.004208984375, -2.0075195312500003, -1.9963085937500002, -2.00552734375]}