{"num_spins": 7, "num_steps": 15, "num_trajectories": 50, "backend": "aer_simulator", "time_step": 0.5, "Open chain": [-4.996289062500002, -4.581894531250001, -4.329335937500001, -4.185849609375, -4.1178515624999985, -4.067890625, -4.04015625, -4.01662109375, -4.018261718750002, -4.010732421875, -4.009160156250001, -3.99349609375, -4.005390625, -4.002070312500001, -3.994101562499999, -4.007646484375], "Closed chain": [-5.001044921875, -4.146474609375, -3.665244140624999, -3.381230468749999, -3.22162109375, -3.1288476562500005, -3.0732617187499995, -3.0377734375, -3.027783203124999, -3.00822265625, -3.012753906250001, -3.00486328125, -3.0006445312500007, -3.0024609374999995, -3.002529296875, -3.0004296875]}