{"Parameters": {"num_spins": 3, "num_steps": 15, "num_trajectories": 30, "backend": "aer_simulator", "time_step": 0.5}, "Expectation values": {"step 0": [-0.003499348958333333, -0.9999999999999999, 0.9999999999999999, 0.9999999999999999, 0.9999999999999999], "step 1": [0.0038899739583333334, -0.5786458333333332, 0.5786458333333332, 0.5786458333333332, 0.9999999999999999], "step 2": [0.0037760416666666667, -0.3359049479166667, 0.3359049479166667, 0.3359049479166667, 0.9999999999999999], "step 3": [0.001953125, -0.19008789062499995, 0.19008789062499995, 0.19008789062499995, 0.9999999999999999], "step 4": [0.003092447916666667, -0.11103515624999999, 0.11103515624999999, 0.11103515624999999, 0.9999999999999999], "step 5": [0.0032877604166666667, -0.061083984375, 0.061083984375, 0.061083984375, 0.9999999999999999], "step 6": [-0.0003255208333333331, -0.03802083333333332, 0.03802083333333332, 0.03802083333333332, 0.9999999999999999], "step 7": [-0.00035807291666666697, -0.021875, 0.021875, 0.021875, 0.9999999999999999], "step 8": [-0.002490234375, -0.014729817708333332, 0.014729817708333332, 0.014729817708333332, 0.9999999999999999], "step 9": [-0.0010904947916666663, -0.010139973958333333, 0.010139973958333333, 0.010139973958333333, 0.9999999999999999], "step 10": [-0.0004069010416666665, -0.004410807291666667, 0.004410807291666667, 0.004410807291666667, 0.9999999999999999], "step 11": [-0.0007812499999999995, -0.004752604166666665, 0.004752604166666665, 0.004752604166666665, 0.9999999999999999], "step 12": [-0.0029296875, -0.00322265625, 0.00322265625, 0.00322265625, 0.9999999999999999], "step 13": [0.0006510416666666667, -0.0027180989583333332, 0.0027180989583333332, 0.0027180989583333332, 0.9999999999999999], "step 14": [-0.002799479166666666, 0.0006022135416666671, -0.0006022135416666671, -0.0006022135416666671, 0.9999999999999999], "step 15": [5.421010862427522e-20, -0.00022786458333333328, 0.00022786458333333328, 0.00022786458333333328, 0.9999999999999999]}}