{"Parameters": {"num_spins": 4, "num_steps": 15, "num_trajectories": 30, "backend": "aer_simulator", "time_step": 0.5}, "Expectation values": {"step 0": [0.0015787760416666665, -0.9999999999999999, -0.9999999999999999, 0.9999999999999999, 0.9999999999999999, 0.9999999999999999, 0.9999999999999999], "step 1": [0.0017252604166666668, -0.5736816406250002, -0.9999999999999999, 0.5736816406250002, 0.5736816406250002, 0.9999999999999999, 0.9999999999999999], "step 2": [-0.0025716145833333333, -0.3281575520833334, -0.9999999999999999, 0.3281575520833334, 0.3281575520833334, 0.9999999999999999, 0.9999999999999999], "step 3": [0.005891927083333332, -0.19300130208333335, -0.9999999999999999, 0.19300130208333335, 0.19300130208333335, 0.9999999999999999, 0.9999999999999999], "step 4": [0.00016276041666666674, -0.11051432291666669, -0.9999999999999999, 0.11051432291666669, 0.11051432291666669, 0.9999999999999999, 0.9999999999999999], "step 5": [-0.002945963541666667, -0.06223958333333334, -0.9999999999999999, 0.06223958333333334, 0.06223958333333334, 0.9999999999999999, 0.9999999999999999], "step 6": [0.00019531249999999993, -0.03806966145833333, -0.9999999999999999, 0.03806966145833333, 0.03806966145833333, 0.9999999999999999, 0.9999999999999999], "step 7": [0.0029947916666666664, -0.019059244791666662, -0.9999999999999999, 0.019059244791666662, 0.019059244791666662, 0.9999999999999999, 0.9999999999999999], "step 8": [-0.0026529947916666668, -0.013183593750000003, -0.9999999999999999, 0.013183593750000003, 0.013183593750000003, 0.9999999999999999, 0.9999999999999999], "step 9": [-0.0004231770833333328, -0.006917317708333333, -0.9999999999999999, 0.006917317708333333, 0.006917317708333333, 0.9999999999999999, 0.9999999999999999], "step 10": [0.0018229166666666667, 0.0006998697916666661, -0.9999999999999999, -0.0006998697916666661, -0.0006998697916666661, 0.9999999999999999, 0.9999999999999999], "step 11": [-0.0018391927083333333, -0.00615234375, -0.9999999999999999, 0.00615234375, 0.00615234375, 0.9999999999999999, 0.9999999999999999], "step 12": [0.0034993489583333326, -0.00035807291666666637, -0.9999999999999999, 0.00035807291666666637, 0.00035807291666666637, 0.9999999999999999, 0.9999999999999999], "step 13": [-0.0008138020833333336, -0.0029296875000000004, -0.9999999999999999, 0.0029296875000000004, 0.0029296875000000004, 0.9999999999999999, 0.9999999999999999], "step 14": [-0.0011881510416666663, 0.0015462239583333341, -0.9999999999999999, -0.0015462239583333341, -0.0015462239583333341, 0.9999999999999999, 0.9999999999999999], "step 15": [0.001285807291666667, 0.0035156250000000005, -0.9999999999999999, -0.0035156250000000005, -0.0035156250000000005, 0.9999999999999999, 0.9999999999999999]}}