{"Parameters": {"num_spins": 5, "num_steps": 15, "num_trajectories": 30, "backend": "aer_simulator", "time_step": 0.5}, "Expectation values": {"step 0": [0.0036295572916666668, -0.9999999999999999, -0.9999999999999999, -0.9999999999999999, 0.9999999999999999, 0.9999999999999999, 0.9999999999999999, 0.9999999999999999, 0.9999999999999999], "step 1": [0.0036458333333333325, -0.5749511718749999, -0.9999999999999999, -0.9999999999999999, 0.5749511718749999, 0.5749511718749999, 0.9999999999999999, 0.9999999999999999, 0.9999999999999999], "step 2": [0.004182942708333334, -0.3261555989583333, -0.9999999999999999, -0.9999999999999999, 0.3261555989583333, 0.3261555989583333, 0.9999999999999999, 0.9999999999999999, 0.9999999999999999], "step 3": [-0.0025227864583333335, -0.18824869791666665, -0.9999999999999999, -0.9999999999999999, 0.18824869791666665, 0.18824869791666665, 0.9999999999999999, 0.9999999999999999, 0.9999999999999999], "step 4": [-0.0004882812500000004, -0.10571289062500003, -0.9999999999999999, -0.9999999999999999, 0.10571289062500003, 0.10571289062500003, 0.9999999999999999, 0.9999999999999999, 0.9999999999999999], "step 5": [0.0022786458333333335, -0.06253255208333333, -0.9999999999999999, -0.9999999999999999, 0.06253255208333333, 0.06253255208333333, 0.9999999999999999, 0.9999999999999999, 0.9999999999999999], "step 6": [0.003092447916666666, -0.03347981770833333, -0.9999999999999999, -0.9999999999999999, 0.03347981770833333, 0.03347981770833333, 0.9999999999999999, 0.9999999999999999, 0.9999999999999999], "step 7": [0.005973307291666666, -0.02403971354166667, -0.9999999999999999, -0.9999999999999999, 0.02403971354166667, 0.02403971354166667, 0.9999999999999999, 0.9999999999999999, 0.9999999999999999], "step 8": [0.0014973958333333326, -0.014713541666666661, -0.9999999999999999, -0.9999999999999999, 0.014713541666666661, 0.014713541666666661, 0.9999999999999999, 0.9999999999999999, 0.9999999999999999], "step 9": [-0.002408854166666666, -0.007682291666666666, -0.9999999999999999, -0.9999999999999999, 0.007682291666666666, 0.007682291666666666, 0.9999999999999999, 0.9999999999999999, 0.9999999999999999], "step 10": [0.0033040364583333337, -0.004768880208333333, -0.9999999999999999, -0.9999999999999999, 0.004768880208333333, 0.004768880208333333, 0.9999999999999999, 0.9999999999999999, 0.9999999999999999], "step 11": [-0.004524739583333333, -0.0008138020833333333, -0.9999999999999999, -0.9999999999999999, 0.0008138020833333333, 0.0008138020833333333, 0.9999999999999999, 0.9999999999999999, 0.9999999999999999], "step 12": [0.0041015624999999984, 0.0005696614583333337, -0.9999999999999999, -0.9999999999999999, -0.0005696614583333337, -0.0005696614583333337, 0.9999999999999999, 0.9999999999999999, 0.9999999999999999], "step 13": [-0.0003743489583333328, 0.001806640625, -0.9999999999999999, -0.9999999999999999, -0.001806640625, -0.001806640625, 0.9999999999999999, 0.9999999999999999, 0.9999999999999999], "step 14": [0.005094401041666667, -0.001936848958333334, -0.9999999999999999, -0.9999999999999999, 0.001936848958333334, 0.001936848958333334, 0.9999999999999999, 0.9999999999999999, 0.9999999999999999], "step 15": [0.0027343750000000007, -0.00027669270833333257, -0.9999999999999999, -0.9999999999999999, 0.00027669270833333257, 0.00027669270833333257, 0.9999999999999999, 0.9999999999999999, 0.9999999999999999]}}