{"Parameters": {"num_spins": 6, "num_steps": 15, "num_trajectories": 30, "backend": "aer_simulator", "time_step": 0.5}, "Expectation values": {"step 0": [0.0021972656250000004, -0.9999999999999999, -0.9999999999999999, -0.9999999999999999, -0.9999999999999999, 0.9999999999999999, 0.9999999999999999, 0.9999999999999999, 0.9999999999999999, 0.9999999999999999, 0.9999999999999999], "step 1": [0.0016601562500000004, -0.5734212239583334, -0.9999999999999999, -0.9999999999999999, -0.9999999999999999, 0.5734212239583334, 0.5734212239583334, 0.9999999999999999, 0.9999999999999999, 0.9999999999999999, 0.9999999999999999], "step 2": [0.00026041666666666737, -0.33369140625, -0.9999999999999999, -0.9999999999999999, -0.9999999999999999, 0.33369140625, 0.33369140625, 0.9999999999999999, 0.9999999999999999, 0.9999999999999999, 0.9999999999999999], "step 3": [-0.00024414062500000027, -0.18779296874999998, -0.9999999999999999, -0.9999999999999999, -0.9999999999999999, 0.18779296874999998, 0.18779296874999998, 0.9999999999999999, 0.9999999999999999, 0.9999999999999999, 0.9999999999999999], "step 4": [0.001204427083333333, -0.10968424479166666, -0.9999999999999999, -0.9999999999999999, -0.9999999999999999, 0.10968424479166666, 0.10968424479166666, 0.9999999999999999, 0.9999999999999999, 0.9999999999999999, 0.9999999999999999], "step 5": [0.0025716145833333333, -0.06238606770833333, -0.9999999999999999, -0.9999999999999999, -0.9999999999999999, 0.06238606770833333, 0.06238606770833333, 0.9999999999999999, 0.9999999999999999, 0.9999999999999999, 0.9999999999999999], "step 6": [-0.004166666666666667, -0.02975260416666667, -0.9999999999999999, -0.9999999999999999, -0.9999999999999999, 0.02975260416666667, 0.02975260416666667, 0.9999999999999999, 0.9999999999999999, 0.9999999999999999, 0.9999999999999999], "step 7": [0.0024088541666666668, -0.018310546875000003, -0.9999999999999999, -0.9999999999999999, -0.9999999999999999, 0.018310546875000003, 0.018310546875000003, 0.9999999999999999, 0.9999999999999999, 0.9999999999999999, 0.9999999999999999], "step 8": [-0.0005208333333333332, -0.012825520833333335, -0.9999999999999999, -0.9999999999999999, -0.9999999999999999, 0.012825520833333335, 0.012825520833333335, 0.9999999999999999, 0.9999999999999999, 0.9999999999999999, 0.9999999999999999], "step 9": [0.002766927083333334, -0.009798177083333331, -0.9999999999999999, -0.9999999999999999, -0.9999999999999999, 0.009798177083333331, 0.009798177083333331, 0.9999999999999999, 0.9999999999999999, 0.9999999999999999, 0.9999999999999999], "step 10": [-0.00019531250000000015, -0.0007812499999999999, -0.9999999999999999, -0.9999999999999999, -0.9999999999999999, 0.0007812499999999999, 0.0007812499999999999, 0.9999999999999999, 0.9999999999999999, 0.9999999999999999, 0.9999999999999999], "step 11": [-0.002799479166666666, -0.0017415364583333326, -0.9999999999999999, -0.9999999999999999, -0.9999999999999999, 0.0017415364583333326, 0.0017415364583333326, 0.9999999999999999, 0.9999999999999999, 0.9999999999999999, 0.9999999999999999], "step 12": [-0.00014648437499999989, 0.0033203124999999995, -0.9999999999999999, -0.9999999999999999, -0.9999999999999999, -0.0033203124999999995, -0.0033203124999999995, 0.9999999999999999, 0.9999999999999999, 0.9999999999999999, 0.9999999999999999], "step 13": [-0.0033040364583333337, 0.007942708333333333, -0.9999999999999999, -0.9999999999999999, -0.9999999999999999, -0.007942708333333333, -0.007942708333333333, 0.9999999999999999, 0.9999999999999999, 0.9999999999999999, 0.9999999999999999], "step 14": [0.0037109375000000003, -0.005110677083333332, -0.9999999999999999, -0.9999999999999999, -0.9999999999999999, 0.005110677083333332, 0.005110677083333332, 0.9999999999999999, 0.9999999999999999, 0.9999999999999999, 0.9999999999999999], "step 15": [-0.0019042968750000002, -0.0003743489583333329, -0.9999999999999999, -0.9999999999999999, -0.9999999999999999, 0.0003743489583333329, 0.0003743489583333329, 0.9999999999999999, 0.9999999999999999, 0.9999999999999999, 0.9999999999999999]}}