{"num_spins": 3, "num_steps": 15, "num_trajectories": 30, "backend": "aer_simulator", "time_step": 0.5, "Open chain": [-0.9958821614583335, -0.585693359375, -0.32989908854166666, -0.19314778645833336, -0.10600585937500001, -0.066015625, -0.036572265625, -0.012272135416666666, -0.013932291666666667, -0.004117838541666665, -0.007373046875, 0.0020182291666666664, -0.0013020833333333326, -0.0033528645833333327, -0.0016601562500000002, -0.004150390625000001], "Closed chain": [-0.9990559895833332, -0.34760742187499993, -0.11780598958333333, -0.046240234374999994, -0.01775716145833333, -0.00013020833333333325, 0.0031738281249999996, -0.003499348958333333, 0.0025065104166666664, 0.006705729166666666, 0.0031738281250000004, -0.006233723958333332, -0.005175781250000001, 0.00087890625, 0.0033528645833333327, 0.008479817708333334]}