{"num_spins": 6, "num_steps": 15, "num_trajectories": 30, "backend": "aer_simulator", "time_step": 0.5, "Open chain": [-4.0010416666666675, -3.576562499999999, -3.3306966145833337, -3.1799804687500006, -3.110595703125, -3.055240885416667, -3.0371744791666666, -3.021712239583333, -3.022265625, -3.0051757812499997, -3.007112630208333, -3.0055013020833337, -2.992561848958334, -3.0033691406250003, -2.9982096354166665, -2.9988281249999997], "Closed chain": [-4.000113932291667, -3.151513671875, -2.6690429687499995, -2.3722656249999994, -2.223681640625, -2.1241373697916672, -2.0782552083333337, -2.038395182291667, -2.021110026041667, -2.021126302083333, -2.0092936197916664, -2.003548177083333, -2.001790364583333, -2.0052734375, -1.9998046875000004, -1.9978190104166669]}