{"num_spins": 9, "num_steps": 15, "num_trajectories": 30, "backend": "aer_simulator", "time_step": 0.5, "Open chain": [-6.999902343749999, -6.582893880208332, -6.329475911458335, -6.189632161458334, -6.110074869791667, -6.0711914062500005, -6.034977213541667, -6.015706380208334, -6.016064453125002, -6.004264322916668, -6.007031249999999, -6.003906249999999, -5.999495442708332, -6.005810546874999, -6.002848307291667, -6.001692708333334], "Closed chain": [-7.000895182291666, -6.151106770833334, -5.660530598958334, -5.379361979166666, -5.228287760416666, -5.116975911458333, -5.084960937500001, -5.042268880208333, -5.026806640625, -5.008121744791667, -5.013020833333332, -4.999365234375001, -5.006070963541667, -5.000472005208333, -5.003597005208333, -4.990592447916667]}